Contact Name,ID,ID Type,TS Override
TG 9,9,Group,Disabled
Parrot 9990,9990,Private,Disabled
World Wide 91,91,Group,2
Atlantic 30205,30205,Group,2
Disconnect 4000,4000,Group,Disabled
Europe,92,Group,2
North America,93,Group,2
Middle East,94,Group,2
Australia,95,Group,2
Radio Test,98,Group,2
Hebrew,202,Group,2
Nederland,204,Group,2
Belgium,206,Group,2
France,208,Group,2
Andorra,213,Group,2
Spain,214,Group,2
Hungary,216,Group,2
Bosnia and Herze,218,Group,2
Croatia,219,Group,2
Serbia,220,Group,2
Italia,222,Group,2
Romania,226,Group,2
Switzerland,228,Group,2
Czech Republic,230,Group,2
Slovak,231,Group,2
Austria,232,Group,2
UK Call,235,Group,2
Denmark,238,Group,2
Sweden,240,Group,2
Norway,242,Group,2
Finland,244,Group,2
Lithuania,246,Group,2
Latvia,247,Group,2
Estonia,248,Group,2
Ukraine,255,Group,2
Moldova,259,Group,2
Poland,260,Group,2
Deutschland,262,Group,2
MultiMode DL,263,Group,2
Portugal,268,Group,2
Luxembourg,270,Group,2
Ireland,272,Group,2
Albania,276,Group,2
Malta,278,Group,2
Cyprus,280,Group,2
Georgia,282,Group,2
Armenia,283,Group,2
Bulgaria,284,Group,2
Turkey,286,Group,2
Faroe Islands,288,Group,2
San Marino,292,Group,2
Slovenia,293,Group,2
North Macedonia,294,Group,2
Liechtenstein,295,Group,2
Montenegro,297,Group,2
Canada Wide,302,Group,2
Tac 310 NOT CALL,310,Group,2
TAC 311 NOT CALL,311,Group,2
TAC 312 NOT CALL,312,Group,2
TAC 313 NOT CALL,313,Group,2
TAC 314 NOT CALL,314,Group,2
TAC 315 NOT CALL,315,Group,2
TAC 316 NOT CALL,316,Group,2
TAC 317 NOT CALL,317,Group,2
TAC 318 NOT CALL,318,Group,2
TAC 319 NOT CALL,319,Group,2
Puerto Rico,330,Group,2
XE,334,Group,2
Jamaica,338,Group,2
Grenada,352,Group,2
Saint Lucia,358,Group,2
Curaco,362,Group,2
Bahamas,364,Group,2
Cuba,368,Group,2
Dominican Republ,370,Group,2
Haiti,372,Group,2
Trinidad Tobago,374,Group,2
Turks and Caicos,376,Group,2
Azerbaijan,400,Group,2
Kazahstan,401,Group,2
India,404,Group,2
Pakistan,410,Group,2
Lebanon,415,Group,2
Saudi Arabia,420,Group,2
Oman,422,Group,2
Israel,425,Group,2
Bahrein,426,Group,2
Qatar,427,Group,2
U A Emrates,430,Group,2
Japan,440,Group,2
South Korea,450,Group,2
Vietnam,452,Group,2
Hong Kong,454,Group,2
China,460,Group,2
Bangladesh,470,Group,2
Malaysia nationl,502,Group,2
Australia,505,Group,2
Indonesia,510,Group,2
Philippines,515,Group,2
Thailand,520,Group,2
Singapore,525,Group,2
ZL National,530,Group,2
Egypt,602,Group,2
Morocco,604,Group,2
South Africa,655,Group,2
Guatemala,704,Group,2
El Salvador,706,Group,2
Honduras,708,Group,2
Nicaragua,710,Group,2
Costa Rica,712,Group,2
Panama,714,Group,2
Perú,716,Group,2
Argentina,722,Group,2
Brazil Nacional,724,Group,2
Chile,730,Group,2
Repulica de Col,732,Group,2
Venezuela,734,Group,2
Ecuador,740,Group,2
Uruguay,748,Group,2
WW Tac 1,901,Group,2
WW Tac 2,902,Group,2
WW Tac 3,903,Group,2
JOTA,907,Group,2
German,910,Group,2
English,913,Group,2
Spanish,914,Group,2
Portuguese,915,Group,2
Italian,916,Group,2
YOTA,918,Group,2
DL OE HB9,920,Group,2
Dutch,922,Group,2
European English,923,Group,2
Swedish,924,Group,2
Nordic,927,Group,2
PanHellenic Chat,930,Group,2
Francophonie,937,Group,2
Arabic,940,Group,2
WWYL,955,Group,2
DMR-Caribbean,969,Group,2
Basque,971,Group,2
SOTA,973,Group,2
Hebrew 1,2021,Group,2
Hebrew 2,2022,Group,2
Hebrew 3,2023,Group,2
Hebrew 4,2024,Group,2
Hebrew 5,2025,Group,2
Hebrew 6,2026,Group,2
Hebrew 7,2027,Group,2
Hebrew 8,2028,Group,2
ECR,3129973,Group,2
Noord Nederland,2041,Group,2
Midden Nederland,2042,Group,2
Zuid Nederland,2043,Group,2
Oost Nederland,2044,Group,2
Nederland Techta,2045,Group,2
Belgium North,2061,Group,2
Belgium South,2062,Group,2
Belgium East,2063,Group,2
Belgium OnDemand,2064,Group,2
Belgium OnDemand,2065,Group,2
Belgium OnDemand,2066,Group,2
Belgium OnDemand,2067,Group,2
Belgium OnDemand,2068,Group,2
Belgium OnDemand,2069,Group,2
Urgences FR,2080,Group,2
Region de Fr,2081,Group,2
Region Nord-oues,2082,Group,2
Region Nord-est,2083,Group,2
Region Sud-est,2084,Group,2
Region Sud-ouest,2085,Group,2
Technique,2087,Group,2
France Dom-Tom,2089,Group,2
Spain Link,2140,Group,2
Regional EA1,2141,Group,2
Regional EA2,2142,Group,2
Regional EA3,2143,Group,2
Regional EA4,2144,Group,2
Regional EA5,2145,Group,2
Regional EA6,2146,Group,2
Regional EA7,2147,Group,2
Regional EA8,2148,Group,2
Regional EA9,2149,Group,2
Hungary East,2161,Group,2
Hungary West,2162,Group,2
Hungary North,2163,Group,2
Hungary South,2164,Group,2
Hungary Test,2165,Group,2
Local repeater,2169,Group,2
MULTIPROTO YO,2260,Group,2
Cafe Gratis YO,2261,Group,2
District YO2,2262,Group,2
District YO3,2263,Group,2
District YO4,2264,Group,2
District YO5,2265,Group,2
District YO6,2266,Group,2
District YO7,2267,Group,2
District YO8,2268,Group,2
District YO9,2269,Group,2
Schweiz Deutsch,2280,Group,2
Suisse Romande,2281,Group,2
Valais / Wallis,2282,Group,2
Bern / Solothurn,2283,Group,2
Basel,2284,Group,2
Aargau / Zentral,2285,Group,2
Ticino,2286,Group,2
Graubuden,2287,Group,2
Zurich,2288,Group,2
Ostschweiz,2289,Group,2
Czech Crossconec,2300,Group,2
Bohemia,2301,Group,2
Moravia,2302,Group,2
Slovakia,2311,Group,2
OE-Master,2320,Group,2
Wien,2321,Group,2
Salzburg,2322,Group,2
Niederoesterreic,2323,Group,2
Burgenland,2324,Group,2
Oberoesterreich,2325,Group,2
Steiermark,2326,Group,2
Tirol,2327,Group,2
Kaernten,2328,Group,2
Vorarlberg,2329,Group,2
United Kingdom,2350,Group,2
Chat 1,2351,Group,2
Chat 2,2352,Group,2
Chat 3,2353,Group,2
Ireland,2354,Group,2
Scotland,2355,Group,2
Wales,2356,Group,2
Isle of Man,2357,Group,2
London,2358,Group,2
Kernow,2359,Group,2
Denmark Nordjyll,2381,Group,2
Denmark Midtjyll,2382,Group,2
Denmark Syddanma,2383,Group,2
Denmark Copenhag,2384,Group,2
Denmark Sjaellan,2385,Group,2
QSY1 Chat,2386,Group,2
QSY2 Chat,2387,Group,2
Regional SM0,2400,Group,2
Regional SM1,2401,Group,2
Regional SM2,2402,Group,2
Regional SM3,2403,Group,2
Regional SM4,2404,Group,2
Regional SM5,2405,Group,2
Regional SM6,2406,Group,2
Regional SM7,2407,Group,2
DCS010D,2410,Group,2
SM Tactical,2411,Group,2
DCS010V,2415,Group,2
Swedenlink,2416,Group,2
S0rog 0stlande,2421,Group,2
Vestlandet,2424,Group,2
Midtnorge,2426,Group,2
Nordnorge,2429,Group,2
AX OH0,2440,Group,2
FI OH1,2441,Group,2
FI OH2,2442,Group,2
FI OH3,2443,Group,2
FI OH4,2444,Group,2
FI OH5,2445,Group,2
FI OH6,2446,Group,2
FI OH7,2447,Group,2
FI OH8,2448,Group,2
FI OH9,2449,Group,2
Russia Global,2501,Group,2
XRF250A Bridge,2502,Group,2
DSTAR-SU / 24009,2503,Group,2
*RUSSIA* (EchoLi,2504,Group,2
Bridge to Radioc,2505,Group,2
XRF250C Bridge,2506,Group,2
Ukraine bridge D,2555,Group,2
Emergency Ukrain,2559,Group,2
Moldova Bridge,2599,Group,2
Polonia TG,2600,Group,2
Regional SP1,2601,Group,2
Regional SP2,2602,Group,2
Regional SP3,2603,Group,2
Regional SP4,2604,Group,2
Regional SP5,2605,Group,2
Regional SP6,2606,Group,2
Regional SP7,2607,Group,2
Regional SP8,2608,Group,2
Regional SP9,2609,Group,2
Sachsen-Anhalt/M,2620,Group,2
Berlin/Brandenbu,2621,Group,2
Hamburg/Schleswi,2622,Group,2
Niedersachsen/Br,2623,Group,2
Nordrhein-Westfa,2624,Group,2
Rheinland-Pfalz/,2625,Group,2
Hessen,2626,Group,2
Baden-Wuttember,2627,Group,2
Bayern,2628,Group,2
Sachsen/Thuinge,2629,Group,2
Portugal Link,2680,Group,2
North,2681,Group,2
Center,2682,Group,2
Capital,2683,Group,2
Alentejo,2684,Group,2
Algarve,2685,Group,2
Azores,2686,Group,2
Madeira Is.,2687,Group,2
XLX270 A,2701,Group,2
European Prepare,2703,Group,2
LX ADRAD,2705,Group,2
LX RLX,2706,Group,2
LX Laru,2707,Group,2
IE Calling,2722,Group,2
IE Chat,2723,Group,2
Bridge to YSF-IE,2724,Group,2
AREN Logistics,2729,Group,2
Malta EchoLink,2780,Group,2
Nicosia,2802,Group,2
Famagusta,2803,Group,2
Larnaca,2804,Group,2
Limassol,2805,Group,2
Paphos,2806,Group,2
Kyrenia,2807,Group,2
TEST,2840,Group,2
Sofia,2842,Group,2
Plovdiv,2843,Group,2
Turkey 0.Region,2860,Group,2
Turkey 1.Region,2861,Group,2
EmComm,2940,Group,2
Skopje,2941,Group,2
Tetovo,2942,Group,2
Gostivar,2943,Group,2
Kicevo,2944,Group,2
Struga,2945,Group,2
Ohrid,2946,Group,2
Kumanovo,2947,Group,2
Prilep,2948,Group,2
Strumica,2949,Group,2
Nfld Pei,3020,Group,2
Nova Scotia,3021,Group,2
Quebec,3022,Group,2
Ontario,3023,Group,2
Manitoba,3024,Group,2
Saskatchewan,3025,Group,2
Alberta,3026,Group,2
British Columbia,3027,Group,2
Yukon & NWT,3028,Group,2
New Brunswick,3029,Group,2
USA Bridge,3100,Group,2
Alabama -,3101,Group,2
Alaska -,3102,Group,2
Arizona -,3104,Group,2
Arkansas -,3105,Group,2
California -,3106,Group,2
Colorado -,3108,Group,2
Connecticut -,3109,Group,2
Delaware -,3110,Group,2
D.C. -,3111,Group,2
Florida -,3112,Group,2
Georgia -,3113,Group,2
Hawaii -,3115,Group,2
Idaho -,3116,Group,2
Illinois -,3117,Group,2
Indiana -,3118,Group,2
Iowa -,3119,Group,2
Kansas -,3120,Group,2
Kentucky -,3121,Group,2
Louisiana -,3122,Group,2
Maine -,3123,Group,2
Maryland -,3124,Group,2
Massachusetts -,3125,Group,2
Michigan -,3126,Group,2
Minnesota -,3127,Group,2
Mississippi -,3128,Group,2
Missouri -,3129,Group,2
Montana -,3130,Group,2
Nebraska -,3131,Group,2
Nevada -,3132,Group,2
New Hampshire -,3133,Group,2
New Jersey -,3134,Group,2
New Mexico -,3135,Group,2
New York -,3136,Group,2
North Carolina -,3137,Group,2
North Dakota -,3138,Group,2
Ohio -,3139,Group,2
Oklahoma -,3140,Group,2
Oregon -,3141,Group,2
Pennsylvania -,3142,Group,2
Rhode Island -,3144,Group,2
South Carolina -,3145,Group,2
South Dakota -,3146,Group,2
Tennessee -,3147,Group,2
Texas -,3148,Group,2
Utah -,3149,Group,2
Vermont -,3150,Group,2
Virginia -,3151,Group,2
Washington -,3153,Group,2
West Virginia -,3154,Group,2
Wisconsin -,3155,Group,2
Wyoming -,3156,Group,2
CAP - Civil Air,3160,Group,2
DVSwitch,3166,Group,2
Allstar,3167,Group,2
Midwest,3169,Group,2
NoCo,3171,Group,2
Northeast,3172,Group,2
Mid-Atlantic,3173,Group,2
Southeast,3174,Group,2
Southern Plains,3175,Group,2
Southwest,3176,Group,2
Mountain,3177,Group,2
POTA,3181,Group,2
Chemung Storm Ch,3195,Group,2
Amateur Televisi,3196,Group,2
US Hurricane Net,3199,Group,2
PRadise Repeater,3300,Group,2
Distrito Arecibo,3304,Group,2
Distrito Bayamon,3305,Group,2
Distrito Carolin,3306,Group,2
Distrito Guayama,3307,Group,2
Distrito Humacao,3308,Group,2
Distrito Mayague,3309,Group,2
XE 1,3341,Group,2
XE 2,3342,Group,2
XE 3,3343,Group,2
Castries,3581,Group,2
VieuX Fort,3582,Group,2
PJ2 Tech,3622,Group,2
Department Ouest,3722,Group,2
Department Sud-E,3728,Group,2
REACT,3740,Group,2
Woodbrook,3741,Group,2
Port of Spain,3742,Group,2
San Fernando,3743,Group,2
Tobago,3744,Group,2
Disconnect,4000,Private,Disabled
BARS,4269,Group,2
West Malaysia,5021,Group,2
East Malaysia,5022,Group,2
XLX500 G,5050,Group,2
Australian capit,5051,Group,2
Australia New So,5052,Group,2
Australia Victor,5053,Group,2
Australia Queens,5054,Group,2
South Australia,5055,Group,2
Western Australi,5056,Group,2
Tasmania,5057,Group,2
Australia Northe,5058,Group,2
NCR,5151,Group,2
CRIRCV,5152,Group,2
Cluzon,5153,Group,2
BICOLR,5154,Group,2
R1-Central,5201,Group,2
R2-East,5202,Group,2
R3-L.Northeast,5203,Group,2
R4-U.Northeast,5204,Group,2
R5-U.North,5205,Group,2
R6-L.North,5206,Group,2
R7-West,5207,Group,2
R8-U.South,5208,Group,2
R9-L.South,5209,Group,2
ZL1 Regional,5301,Group,2
ZL2 Regional,5302,Group,2
ZL3 Regional,5303,Group,2
ZL4 Regional,5304,Group,2
Rabat,6041,Group,2
Marrakech,6042,Group,2
Meknes,6043,Group,2
El Jadida,6044,Group,2
Tetouan,6045,Group,2
Fez,6046,Group,2
Oujda,6047,Group,2
La Renion,6471,Group,2
SARL Hamnet,6558,Group,Disabled
XLX526C,7060,Group,2
Region 1,7061,Group,2
Region 2,7062,Group,2
Region 3,7063,Group,2
Eventos Especial,7064,Group,2
Emergencias,7065,Group,2
Honduras zone 1,7081,Group,2
Honduras zone 2,7082,Group,2
Honduras zone 3,7083,Group,2
Honduras zone 4,7084,Group,2
Honduras zone 5,7085,Group,2
Honduras zone 6,7086,Group,2
Honduras zone 7,7087,Group,2
Honduras zone 8,7088,Group,2
Honduras zone 9,7089,Group,2
Managua Capital,7101,Group,2
Zona del Pacific,7102,Group,2
Zona Del Atlanti,7103,Group,2
Zona Norte,7104,Group,2
Panama City,7141,Group,2
Colon,7142,Group,2
wires-x fusion l,7143,Group,2
Chiriqui,7144,Group,2
GREMPA,7145,Group,2
UPRA,7146,Group,2
RadioClubPanama,7148,Group,2
TRUJILLO ZONA 2,7162,Group,2
Peru Zona OA6,7166,Group,2
Caba,7220,Group,2
Amba,7221,Group,2
Circulo Rosario,7222,Group,2
Argentina Networ,7223,Group,2
AR-Nautica,7224,Group,2
Argentina Digita,7225,Group,2
Hamradio ARG,7226,Group,2
Argentina Link,7227,Group,2
Argentina Room,7229,Group,2
CE0,7300,Group,2
CE1,7301,Group,2
CE2,7302,Group,2
CE3,7303,Group,2
CE4,7304,Group,2
CE5,7305,Group,2
CE6,7306,Group,2
CE7,7307,Group,2
CE8,7308,Group,2
CE9,7309,Group,2
Colombia HK0 Zon,7320,Group,2
Colombia HK3 Zon,7323,Group,2
Colombia HK5 Zon,7325,Group,2
Colombia HK6 Zon,7326,Group,2
Ecuador-HC3-Loja,7400,Group,2
Ecuador HC3 Loja,7401,Group,2
Ecuador DX Club,7402,Group,2
Uruguay Link,7487,Group,2
Punta del Este U,7489,Group,2
JOTA Tac 1,9071,Group,2
JOTA Tac 2,9072,Group,2
JOTA Tac 3,9073,Group,2
JOTA Tac 4,9074,Group,2
JOTA Tac 5,9075,Group,2
JOTA Tac 6,9076,Group,2
JOTA Tac 7,9077,Group,2
JOTA Tac 8,9078,Group,2
World Maritime,9101,Group,2
World Aviation,9102,Group,2
XRF007 B,9107,Group,2
Emcom EU,9112,Group,2
EURAO,9201,Group,2
Francophonie C4F,9371,Group,2
ATV Talk,9410,Group,2
ICQ Podcast,9480,Group,2
Collegiate,9500,Group,2
Cafe Gratis,9800,Group,2
Emcom US,9911,Group,2
Hellenic Tech 1,20201,Group,2
Hellenic Tech 2,20202,Group,2
Hellenic Echolnk,20203,Group,2
XLX145/DStar,20206,Group,2
RAAG XLX737,20207,Group,2
YSF202 Greece,20208,Group,2
PATRAS Group,20231,Group,2
Trikala Greece,20241,Group,2
Ioannina Greece,20261,Group,2
Corfu Island Gre,20281,Group,2
Wires-X Hobbysco,20401,Group,2
Noordenveld,20413,Group,2
Regio Keistad,20421,Group,2
Rijk van Nijmege,20422,Group,2
Utrecht,20423,Group,2
Rijnmond,20424,Group,2
Drechtsteden,20426,Group,2
NHNoord,20427,Group,2
Limburg,20431,Group,2
Noord-Brabant,20432,Group,2
Maasdriehoek,20433,Group,2
Regio IJsselmond,20441,Group,2
Gelderland midde,20443,Group,2
GOC Parkstad,20492,Group,2
RFDX,20493,Group,2
Belgium N YSF Br,20601,Group,2
Belgium S YSF Br,20602,Group,2
Belgian CW,20610,Group,2
Gembloux,20681,Group,2
Wires-X-France,20800,Group,2
Det Allier,20803,Group,2
Det Aube,20810,Group,2
Det Aveyron,20812,Group,2
Det Bouches-du-,20813,Group,2
Det Calvados,20814,Group,2
Det Cher,20818,Group,2
Det Corse,20820,Group,2
Det Doubs,20825,Group,2
Det Eure-et-Loi,20828,Group,2
Det Gard,20830,Group,2
Det Ille et Vil,20835,Group,2
Det Indre-et-Lo,20837,Group,2
Det Landes,20840,Group,2
Det Haute-Loire,20843,Group,2
Det Loire-Atl,20844,Group,2
Det Loiret,20845,Group,2
Det Mayenne,20853,Group,2
Det Moselle,20857,Group,2
Det Nord,20859,Group,2
Det Pyrees-Or,20866,Group,2
Det Bas-rhin,20867,Group,2
Lyon Rhone-Alpes,20869,Group,2
Deartement Sart,20872,Group,2
Det Seine-et-Ma,20877,Group,2
Det Tarn,20881,Group,2
Det Var,20883,Group,2
Det Haute-Vienn,20887,Group,2
Det Val-De-Marn,20894,Group,2
Det Val-d'Oise,20895,Group,2
Provincial Araba,21401,Group,2
Provincial Albac,21402,Group,2
Provincial Alica,21403,Group,2
Provincial Almer,21404,Group,2
Provincial Avila,21405,Group,2
Provincial Badaj,21406,Group,2
Provincial Illes,21407,Group,2
Provincial Barce,21408,Group,2
Provincial Burgo,21409,Group,2
Provincial Cacre,21410,Group,2
Provincial Cadiz,21411,Group,2
Provincial Caste,21412,Group,2
Provincial Ciuda,21413,Group,2
Provincial Codo,21414,Group,2
Provincial Coruñ,21415,Group,2
Provincial Cuenc,21416,Group,2
Provincial Giron,21417,Group,2
Provincial Grana,21418,Group,2
Provincial Guada,21419,Group,2
Provincial Gipuz,21420,Group,2
Provincial Huelv,21421,Group,2
Provincial Huesc,21422,Group,2
Provincial Jaen,21423,Group,2
Provincial Leon,21424,Group,2
Provincial Lleid,21425,Group,2
Provincial La Ri,21426,Group,2
Provincial Lugo,21427,Group,2
Provincial Madri,21428,Group,2
Provincial Magla,21429,Group,2
Provincial Murci,21430,Group,2
Provincial Navar,21431,Group,2
Provincial Ouren,21432,Group,2
Provincial Astur,21433,Group,2
Provincial Palen,21434,Group,2
Provincial Ponte,21436,Group,2
Provincial Salam,21437,Group,2
Provincial Tener,21438,Group,2
Provincial Canta,21439,Group,2
Provincial Segov,21440,Group,2
Provincial Sevil,21441,Group,2
Provincial Soria,21442,Group,2
Provincial Tarra,21443,Group,2
Provincial Terue,21444,Group,2
Provincial Toled,21445,Group,2
Provincial Valen,21446,Group,2
Provincial Valla,21447,Group,2
Provincial Bizka,21448,Group,2
Provincial Zamor,21449,Group,2
Provincial Zarag,21450,Group,2
Provincial Ceuta,21451,Group,2
Provincial Melil,21452,Group,2
BM-CAT,21460,Group,2
TG de uso libre,21461,Group,2
Tenico,21462,Group,2
TG de uso libre,21463,Group,2
TG de uso libre,21464,Group,2
TG de uso libre,21466,Group,2
TG de uso libre,21467,Group,2
Multimodo,21468,Group,2
Los joenes,21469,Group,2
TG de uso libre,21470,Group,2
TG de uso libre,21471,Group,2
Tetra Gateway,21482,Group,2
Republic of Srps,21810,Group,2
Prijedor Region,21811,Group,2
Banjaluka Region,21812,Group,2
ZRHB Group,21877,Group,2
Lazio,22201,Group,2
Sardegna,22202,Group,2
Umbria,22203,Group,2
Italy Centro,22208,Group,2
IT Radio Chat,22209,Group,2
Liguria,22211,Group,2
Piemonte,22212,Group,2
Valle dAosta,22213,Group,2
Lombardia,22221,Group,2
Friuli Venezia G,22231,Group,2
Trentino Alto Ad,22232,Group,2
Veneto,22233,Group,2
Emilia Romagna,22241,Group,2
Toscana,22251,Group,2
Abruzzo,22261,Group,2
Marche,22262,Group,2
Abruzzo Radio,22266,Group,2
IT Francavilla,22269,Group,2
Puglia,22271,Group,2
Basilicata,22281,Group,2
Calabria,22282,Group,2
Campania,22283,Group,2
Molise,22284,Group,2
IT C.I.S.A.R.,22287,Group,2
IT A.R.I.,22288,Group,2
IT E.R.A.,22289,Group,2
Sicilia,22291,Group,2
Italy-MP,22292,Group,2
Italy-Nord,22298,Group,2
Diaspora YO,22601,Group,2
LoRa YO,22602,Group,2
PensioNET,22603,Group,2
Zello YO,22610,Group,2
CW YO,22677,Group,2
YO Start,22691,Group,2
UA 1,22801,Group,2
UA 2,22802,Group,2
UA 3,22803,Group,2
UA 4,22804,Group,2
HB9-BM-WIRESX,22810,Group,2
Vaud,22811,Group,2
Geneve,22812,Group,2
Alpes Vaudoises,22813,Group,2
Alpes Valaisanne,22814,Group,2
Neuchâtel,22815,Group,2
Fribourg,22817,Group,2
Swiss-Italiana,22860,Group,2
Poschiavo,22877,Group,2
TAC 1 Austria,23200,Group,2
Suedtirol,23207,Group,2
P25 Austria,23225,Group,2
Vorarlberg Tech,23229,Group,2
BM OE,23290,Group,2
TAC 2 Austria,23299,Group,2
East Anglia,23490,Group,2
S.West,23500,Group,2
S.East,23510,Group,2
Guernsey,23515,Group,2
Jersey,23516,Group,2
N.West,23520,Group,2
Hubnet UK,23526,Group,2
Yorkshire,23530,Group,2
RAYNET UK,23531,Group,2
Ireland Chat,23540,Group,2
Scotland Chat,23550,Group,2
Scotland East,23557,Group,2
Scotland Highlan,23558,Group,2
Scotland West,23559,Group,2
North East,23560,Group,2
M62 Corridor,23562,Group,2
Wales Chat,23570,Group,2
SALOP Cluster,23575,Group,2
West Midland,23580,Group,2
East Midlands,23590,Group,2
WiresX CQ-DENMAR,23812,Group,2
BornHack,23824,Group,2
OZ0FT Link,23888,Group,2
Young Ladies SM,24020,Group,2
SM XIL,24080,Group,2
Robust Packet,24098,Group,2
Chatrom 1,24201,Group,2
Chatrom 2,24202,Group,2
Chatrom 3,24203,Group,2
Chatrom 4,24204,Group,2
AX OH0 QSY,24400,Group,2
AX OH0 SAR/FRT,24409,Group,2
FI OH1 QSY,24410,Group,2
FI OH2 QSY,24420,Group,2
FI OH2 PKS,24421,Group,2
FI OH2 L-U,24422,Group,2
FI OH2 I-U,24423,Group,2
FI OH3 QSY,24430,Group,2
FI OH3 Pir,24431,Group,2
FI OH3 P-H,24432,Group,2
FI OH3 K-H,24433,Group,2
FI OH4 QSY,24440,Group,2
FI OH5 QSY,24450,Group,2
FI OH5 EKa,24451,Group,2
FI OH5 Kymi,24452,Group,2
FI OH6 QSY,24460,Group,2
FI OH6 K-S,24461,Group,2
FI OH6 Pjm,24462,Group,2
FI OH6 Obo,24463,Group,2
FI OH7 QSY,24470,Group,2
FI OH7 PSa,24471,Group,2
FI OH7 PKa,24472,Group,2
FI OH8 QSY,24480,Group,2
FI OH9 QSY,24490,Group,2
Lithuania MultiM,24601,Group,2
Latvian MultiMod,24706,Group,2
ES4 Narva Region,24804,Group,2
Estonia-RUS / ha,24810,Group,2
Russian Tech,25011,Group,2
Kyiv city,25501,Group,2
Vinnyts`ka obl,25502,Group,2
Volyns`ka obl,25503,Group,2
Dnirpo obl,25504,Group,2
Donets`ka obl,25505,Group,2
Zhytomyrs`ka obl,25506,Group,2
Zakarpats`ka obl,25507,Group,2
Zaporiz`ka obl,25508,Group,2
Ivano frankivs`k,25509,Group,2
Kyivs`ka obl,25510,Group,2
OdesaRadioLink,25511,Group,2
Kropyvnyts`kyj o,25512,Group,2
Lugans`ka obl,25513,Group,2
Lvivs`ka obl,25514,Group,2
Mykolaivs`ka obl,25515,Group,2
Odes`ka obl,25516,Group,2
Poltavs`ka obl,25517,Group,2
Rivnens`ka obl,25518,Group,2
Sums`ka obl,25519,Group,2
Ternopils`ka obl,25520,Group,2
Kharkivs`ka obl,25521,Group,2
Khersons`ka obl,25522,Group,2
Khmel`nyts`ka ob,25523,Group,2
Cherkas`ka obl,25524,Group,2
Chernigivs`ka ob,25525,Group,2
Chernivets`ka ob,25526,Group,2
Sevastopol,25527,Group,2
UA Azimuth,25577,Group,2
Emergency Zakarp,25599,Group,2
Belarus / Minsk,25701,Group,2
MD Tech Group,25999,Group,2
Szczecin GRYF,26011,Group,2
PAAROS Club,26018,Group,2
Trojmiasto,26021,Group,2
Trojmiasto C4FM,26022,Group,2
SPEC Pomorskie,26026,Group,2
Poland Tech,26040,Group,2
Warmia Mazury,26041,Group,2
Lomza,26042,Group,2
Podlasie,26043,Group,2
Podlasie EmComm,26045,Group,2
Mazovia,26053,Group,2
SP5KAB Club,26055,Group,2
SP73VOT Club,26056,Group,2
MASR,26057,Group,2
SP1PMY Club,26058,Group,2
Kurpie,26059,Group,2
Lodz,26071,Group,2
Busko Zdroj,26073,Group,2
Kielce C4FM,26075,Group,2
Skarzysko Kamien,26076,Group,2
Kutno,26078,Group,2
Sandomierz,26079,Group,2
BASR,26091,Group,2
KPGK,26093,Group,2
Krakow,26094,Group,2
Nowy Sacz,26095,Group,2
Bytom,26097,Group,2
TAC 1,26200,Group,2
DL Maritime,26201,Group,2
DL Aeronautical,26202,Group,2
Sachsen-Anhalt,26207,Group,2
Brandenburg,26209,Group,2
OV F11 Bad Hombu,26211,Group,2
Berlin-City,26212,Group,2
Mecklenburg - Vo,26217,Group,2
Grossraum Hambur,26220,Group,2
Hamburg-City,26221,Group,2
Ostholstein-Nord,26222,Group,2
Chaoswelle,26223,Group,2
Elbe-Weser,26224,Group,2
AFU-Nord,26225,Group,2
DMR Netzverbund,26226,Group,2
DMR Netzverbund,26227,Group,2
Ostholstein-Sued,26228,Group,2
Suedholstein,26229,Group,2
Mittellandkanal,26230,Group,2
NI Mitte,26231,Group,2
Dreiladereck Mi,26232,Group,2
TAC 3,26233,Group,2
NI-Sued,26234,Group,2
NI Suedheide,26235,Group,2
NI-Nord,26236,Group,2
Nordsee,26237,Group,2
G38 - Wegberg,26238,Group,2
NI Ost,26239,Group,2
Rheinland,26241,Group,2
Muensterland,26242,Group,2
Ruhrgebiet,26243,Group,2
Separee D/ME,26244,Group,2
Rheinland-Sued,26245,Group,2
Niederrhein,26246,Group,2
DG Velbert,26247,Group,2
IGFS IG Funk Sie,26249,Group,2
Saarland,26250,Group,2
Westpfalz,26253,Group,2
Kaiserslautern,26255,Group,2
Eifel-Hunsrueck,26256,Group,2
Siegerland,26257,Group,2
Trier-Saarburg,26259,Group,2
Mittelhessen,26260,Group,2
Nordhessen,26261,Group,2
Rhein-Main-Necka,26262,Group,2
Bergstrasse,26263,Group,2
Odenwald,26264,Group,2
Taunus,26265,Group,2
TAC 4,26266,Group,2
Wires-X DL-HE/RL,26269,Group,2
Stuttgart,26270,Group,2
Baden,26271,Group,2
Neckar-Odenwald,26272,Group,2
BW-Ostalb,26273,Group,2
BW-Bolingen,26274,Group,2
Schwarzwald-Nord,26275,Group,2
Neckar-Alb,26276,Group,2
Schwarzwald,26277,Group,2
BW Herrenberg,26278,Group,2
BW-Mittlerer-Nec,26279,Group,2
Niederbayern,26280,Group,2
Schwaben,26282,Group,2
Region Muchen,26283,Group,2
Region Franken,26284,Group,2
Oberbayern,26285,Group,2
Coburg-Rennsteig,26286,Group,2
Allga-Bodensee,26287,Group,2
Region Bayern Ob,26288,Group,2
Oberpfalz,26289,Group,2
Frankenwelle,26290,Group,2
Weimar,26296,Group,2
Dresden,26297,Group,2
Thuingen,26298,Group,2
TAC 2,26299,Group,2
Sachsen-Erzgebir,26301,Group,2
Leipzig,26302,Group,2
OV D22 Soziale M,26322,Group,2
NI Ost,26331,Group,2
funkforum.com,26333,Group,2
afu38,26338,Group,2
Magdeburg,26339,Group,2
Paderborn,26345,Group,2
Ostwestfalen-Lip,26346,Group,2
IGA Rhein-Erft,26347,Group,2
Westmuensterland,26348,Group,2
Hochsauerland,26349,Group,2
Agfaa,26355,Group,2
Ulm / Donau,26370,Group,2
Schwarzwald-Baar,26371,Group,2
ARIG-MN,26374,Group,2
Bodensee-Obersch,26375,Group,2
Ortenau,26377,Group,2
Hochrhein,26379,Group,2
Schrobenhausen,26384,Group,2
Jura,26385,Group,2
Suedostbayern,26386,Group,2
Cham,26387,Group,2
Region Bayern Ch,26388,Group,2
Neumarkt,26390,Group,2
Metropolregion N,26391,Group,2
Raute,26395,Group,2
C4FM DL-Hamburg,26421,Group,2
DL-Nordwest,26429,Group,2
Eder-Lahn,26439,Group,2
Inselfreunde,26444,Group,2
Multibridge OWL,26446,Group,2
OWL-Talk,26447,Group,2
Nordharz,26538,Group,2
Germany DX,26577,Group,2
PT DMRNXDN PT,26810,Group,2
CU1-Sta.Maria Is,26861,Group,2
CU2-S.Miguel Isl,26862,Group,2
CU3-Terceira Isl,26863,Group,2
CU4-Graciosa Isl,26864,Group,2
CU5-S.Jorge Isl.,26865,Group,2
CU6-Pico Isl.,26866,Group,2
CU7-Faial Isl.,26867,Group,2
CU8-Flores Isl.,26868,Group,2
CU9-Corvo Isl.,26869,Group,2
LX ADRAD Test,27051,Group,2
XLX270 B,27062,Group,2
LX LARU On-Deman,27070,Group,2
LX LARU North,27071,Group,2
LX LARU Center,27072,Group,2
LX LARU South,27073,Group,2
LX LARU TS2,27077,Group,2
LX LARU EMCOMM,27079,Group,2
AREN logistics,27230,Group,2
SIRN Gateway,27240,Group,2
XLX 925 D,27247,Group,2
XLX 925 C,27248,Group,2
Connacht,27250,Group,2
Leinster,27251,Group,2
Munster,27252,Group,2
Ulster,27253,Group,2
Southern Ireland,27254,Group,2
Galway Digital R,27255,Group,2
EMF Camp Hub,27273,Group,2
AREN Tactical 1,27291,Group,2
Youth 1,28091,Group,2
Youth 2,28092,Group,2
XLX146,28096,Group,2
WiresX Cyprus,28097,Group,2
LZ0PLD-R,28430,Group,2
Multimode Turkey,28600,Group,2
Turkey Adana,28601,Group,2
Turkey Ankara,28606,Group,2
Turkey Antalya,28607,Group,2
Turkey Aydin,28609,Group,2
Turkey Bolu,28614,Group,2
Turkey Bursa,28616,Group,2
Turkey Canakkale,28617,Group,2
Erzurum,28625,Group,2
Turkey Gaziantep,28627,Group,2
Turkey Mersin,28633,Group,2
Turkey Istanbul,28634,Group,2
Turkey Izmir,28635,Group,2
Turkey Kocaeli,28641,Group,2
Turkey Manisa,28645,Group,2
Turkey K.Maras,28646,Group,2
Turkey Yalova,28677,Group,2
ANKA Arama Kurta,28695,Group,2
Bitola,29410,Group,2
Gevgelija,29411,Group,2
Kocani,29412,Group,2
Veles,29413,Group,2
Stip,29414,Group,2
Kavadarci,29415,Group,2
Debar,29416,Group,2
Resen,29417,Group,2
Negotino,29418,Group,2
Krusevo,29419,Group,2
Radovis,29420,Group,2
Berovo,29421,Group,2
Delcevo,29422,Group,2
Vinica,29423,Group,2
Kriva Palanka,29424,Group,2
Demir Hisar,29425,Group,2
Mavrovo National,29495,Group,2
Sport Weapons Hu,29496,Group,2
Traffic NAV Bord,29497,Group,2
Multilanguage,29498,Group,2
TechZone,29499,Group,2
